target_x,target_y,images
-0.42,0.381666667,images/img1.png
0.423333333,0.375,images/img2.png
-0.07,-0.018333333,images/img3.png
-0.193333333,-0.353333333,images/img4.png
0.266666667,-0.191666667,images/img5.png
-0.42,0.381666667,images/img6.png
0.423333333,0.375,images/img7.png
-0.07,-0.018333333,images/img8.png
-0.193333333,-0.353333333,images/img9.png
0.266666667,-0.191666667,images/img10.png